INSERT INTO country(province, country)
VALUES('California','US');
INSERT INTO country(province, country)
VALUES('Northern Spain','Spain');
INSERT INTO country(province, country)
VALUES('Oregon','US');
INSERT INTO country(province, country)
VALUES('Provence','France');
INSERT INTO country(province, country)
VALUES('Northeastern Italy','Italy');
INSERT INTO country(province, country)
VALUES('Toro','Spain');
INSERT INTO country(province, country)
VALUES('Southwest France','France');
INSERT INTO country(province, country)
VALUES('Kumeu','New Zealand');
INSERT INTO country(province, country)
VALUES('Washington','US');
INSERT INTO country(province, country)
VALUES('Bulgaria','Bulgaria');

INSERT INTO province(region, province)
vALUES('Napa Valley','California');
INSERT INTO province(region, province)
vALUES('Toro','Northern Spain');
INSERT INTO province(region, province)
VALUES('Knights Valley','California');
INSERT INTO province(region, province)
VALUES('Willamette Valley','Oregon');
INSERT INTO province(region, province)
VALUES('Bandol','Provence');
INSERT INTO province(region, province)
VALUES('Chehalem Mountains','Oregon');
INSERT INTO province(region, province)
VALUES('Sonoma Coast','California');
INSERT INTO province(region, province)
VALUES('Collio','Northeastern Italy');
INSERT INTO province(region, province)
VALUES('Ribbon Ridge','Oregon');
INSERT INTO province(region, province)
VALUES('Dundee Hills','Oregon');

INSERT INTO wines(wine_id, wine_name, wine_points, wine_price, region)
VALUES(0,'Marthas Vineyard',96,235, 'Napa Valley');
INSERT INTO wines(wine_id, wine_name, wine_points, wine_price, region)
VALUES(1,'Carodorum Selección Especial Reserva',96,110,'Toro');
INSERT INTO wines(wine_id, wine_name, wine_points, wine_price, region)
VALUES(2,'Special Selected Late Harvest',96,90,'Knights Valley');
INSERT INTO wines(wine_id, wine_name, wine_points, wine_price, region)
VALUES(4,'La Brûlade',95,66, 'Bandol');
INSERT INTO wines(wine_id, wine_name, wine_points, wine_price, region)
VALUES(3,'Reserve',96,65,'Willamette Valley');
INSERT INTO wines(wine_id, wine_name, wine_points, wine_price, region)
VALUES(5,'Numanthia',95,73, 'Toro');
INSERT INTO wines(wine_id, wine_name, wine_points, wine_price, region)
VALUES(6,'San Román',95,65, 'Toro');
INSERT INTO wines(wine_id, wine_name, wine_points, wine_price, region)
VALUES(7,'Carodorum Único Crianza',95,110, 'Toro');
INSERT INTO wines(wine_id, wine_name, wine_points, wine_price, region)
VALUES(8,'Silice',95,65, 'Chehalem Mountains');
INSERT INTO wines(wine_id, wine_name, wine_points, wine_price, region)
VALUES(9,'Gaps Crown Vineyard',95,60, 'Sonoma Coast');